{
  "project_info": {
    "project_number": "253621946958",
    "firebase_url": "https://cruex1-dfbac-default-rtdb.firebaseio.com",
    "project_id": "cruex1-dfbac",
    "storage_bucket": "cruex1-dfbac.appspot.com"
  },
  "client": [
    {
      "client_info": {
        "mobilesdk_app_id": "1:253621946958:android:637f0325795876dce2911f",
        "android_client_info": {
          "package_name": "com.flutterflow.edriveapp"
        }
      },
      "oauth_client": [
        {
          "client_id": "253621946958-ndlac0olc3tvsdpkua2ges7hcp3k5khk.apps.googleusercontent.com",
          "client_type": 3
        }
      ],
      "api_key": [
        {
          "current_key": "AIzaSyCWN_VbloWWDZ8USg8su17Je4kglfiMtqs"
        }
      ],
      "services": {
        "appinvite_service": {
          "other_platform_oauth_client": [
            {
              "client_id": "253621946958-ndlac0olc3tvsdpkua2ges7hcp3k5khk.apps.googleusercontent.com",
              "client_type": 3
            },
            {
              "client_id": "253621946958-dv8mmamu7eiobpa5rhb17tioi7nhhq09.apps.googleusercontent.com",
              "client_type": 2,
              "ios_info": {
                "bundle_id": "com.flutterflow.edriveapp"
              }
            }
          ]
        }
      }
    }
  ],
  "configuration_version": "1"
}